Year,Risk Taker,Balanced,Risk Averse
2017,0.4466129592685403,0.41641618194506175,0.35038397919077935
2018,-0.16853734261177553,-0.04396406254199242,0.01262135254157053
2019,0.2848672216164893,0.18440060068633646,0.14854674134029539
