AAPL,GOOG,MSFT,AMZN,TSLA,NVDA,JPM,JNJ,V,BA,MRK,CMCSA,CSCO,ABBV,CVS,INTC,MCD,COST,TMUS,BMY,ORCL,UNP,MDT,MMM,F,IBM,CAT,GE,XOM
0.07722086257136893,0.03584216055206408,0.1615516483657053,0.19422019042667615,0.0032918389711588743,0.0,0.0029580530473608127,0.007853159697828741,0.00048320413473240627,1.6491804596007992e-05,0.0003514888982201011,0.009448703321389485,0.05386352105024801,0.0003076695769218972,0.013262734308069945,0.005692290286975883,0.018206033051308846,0.014870413096637086,0.0,0.03500474453288544,0.007522994315233629,0.0,0.2947017365708256,0.007106598305400491,0.0,0.04706716239354878,0.006957901204518512,0.0,0.0021983995163251287
