AAPL,GOOG,MSFT,AMZN,TSLA,NVDA,JPM,JNJ,V,BA,MRK,CMCSA,CSCO,ABBV,CVS,INTC,MCD,COST,TMUS,BMY,ORCL,UNP,MDT,MMM,F,IBM,CAT,GE,XOM
0.00714244319938254,0.01912772055039183,0.0785846737730532,0.2530593618331384,0.027298485994091088,0.009948626378510466,0.016357580600783225,0.03412043596092134,0.021974607860624506,0.003293269990468935,0.007886270101160954,0.0,0.0007124382989101459,0.03815979885151166,0.04063248824566186,0.08547799108201866,0.0,0.030742484569347223,0.0,0.05472335962645036,0.015406249511642335,0.00061664743038929,0.0,0.06366823372284182,0.0,0.018521435142741863,0.0,0.1629096166874118,0.009635780588546326
