AAPL,GOOG,MSFT,AMZN,TSLA,NVDA,JPM,JNJ,V,BA,MRK,CMCSA,CSCO,ABBV,CVS,INTC,MCD,COST,TMUS,BMY,ORCL,UNP,MDT,MMM,F,IBM,CAT,GE,XOM
0.009986846795396444,0.09503226320851825,0.00013608833431989328,0.14181748980561337,0.0,0.1617125470208281,0.016909728925874678,0.0018280022938774053,0.020696929362443117,0.0,0.007655185590808784,0.001389906888533938,0.014532977861196285,0.007388842741599361,0.008382250178289839,0.040146382299914664,0.007467376875237872,0.06137487763688792,0.010883920051538296,0.10018609339192695,0.00171787364995651,0.11272453483944625,0.035752066134898446,0.011921564141112164,0.01805380364121742,0.07870772444337434,0.008424069327809473,0.019342525412179342,0.0058281291472008735
