AAPL,GOOG,MSFT,AMZN,TSLA,NVDA,JPM,JNJ,V,BA,MRK,CMCSA,CSCO,ABBV,CVS,INTC,MCD,COST,TMUS,BMY,ORCL,UNP,MDT,MMM,F,IBM,CAT,GE,XOM
0.01847362417807108,0.005911360267480711,0.010921436686629288,0.022538889798417547,0.03986629166288171,0.033433256367827194,0.04256406187238657,0.0,0.022129289829320803,0.03518217451606513,0.010784703981140422,0.02932109032702957,0.019045358660229224,0.042848855129348426,0.008980713660704567,0.15274795494829493,0.06128024374615316,0.0790871553885082,0.07152397534185748,0.04682978610361173,0.0657940177604245,0.0,0.0005002975181330733,0.03612313304826398,0.0,0.005924404792314829,0.00791187466504273,0.037599922610382294,0.09267612713948074
