Portfolio,Information Ratio
Overall,0.00022724389554655872
Risk Taker,0.13589426389627562
Balanced,0.2437447650881493
Risk Averse,0.22247383088212952
