Portfolio,Information Ratio
Overall,-0.03843646682936687
Risk Taker,0.14996858629632723
Balanced,0.2553617178519839
Risk Averse,0.2100682283339482
