Year,Return,Risk
2017,0.41641618194506175,0.006146479821409447
2018,-0.04396406254199242,0.014064251181069949
2019,0.18440060068633646,0.010185153340233873
