Year,Return,Risk
2017,0.07,0.06
2018,-0.2435071279627045,0.17598186694250198
2019,0.07,0.12664423153119364
