Year,Return,Risk
2017,0.3919949911632852,0.005738684116665858
2018,-0.06134800172143577,0.0140662073745145
2019,0.16316153632274286,0.010179151408091072
