Year,Return,Risk
2017,0.3529058544195922,0.005162647357052593
2018,-0.028768633509713624,0.012642284471447402
2019,0.12390885577523487,0.009188360086774434
