Year,Return,Risk
2017,0.07,0.06
2018,-0.22979095954767018,0.1661815586921542
2019,0.07,0.11936626686776344
