Year,Return,Risk
2017,0.35038397919077935,0.0050289217446570335
2018,0.01262135254157053,0.01313280874350297
2019,0.14854674134029539,0.009138599885729176
