Year,Return,Risk
2017,0.4466129592685403,0.009925671877215717
2018,-0.16853734261177553,0.01706218657941352
2019,0.2848672216164893,0.013512787558213203
