Year,Return,Risk
2017,0.4830531819112672,0.010090523425549247
2018,-0.09843307601463257,0.018406007151548033
2019,0.28429390957921896,0.013895899298588192
