Year,Risk Taker,Balanced,Risk Averse
2017,744.2117857291743,1056.6851858131806,1054.3934743049901
2018,-93.51956152131082,-80.52024148528216,-48.68051964888149
2019,313.35005613921624,238.85724022640744,196.79757976158658
