Year,Risk Taker,Balanced,Risk Averse
2017,0.5967573530985824,0.4711229456740922,0.41614591839354964
2018,-0.13088023395022974,-0.08205927561958726,-0.047375054318757215
2019,0.29539504664819427,0.1612365800323221,0.11943523608699902
